{"stats":{"minecraft:custom":{"minecraft:time_since_rest":46328,"minecraft:crouch_one_cm":564,"minecraft:sprint_one_cm":35986,"minecraft:play_time":46328,"minecraft:damage_taken":50,"minecraft:walk_one_cm":75688,"minecraft:sneak_time":260,"minecraft:walk_under_water_one_cm":1860,"minecraft:drop":8,"minecraft:jump":226,"minecraft:damage_dealt":231,"minecraft:leave_game":3,"minecraft:time_since_death":46328,"minecraft:walk_on_water_one_cm":3341,"minecraft:total_world_time":46328,"minecraft:swim_one_cm":8322,"minecraft:talked_to_villager":1,"minecraft:fall_one_cm":1592,"minecraft:fly_one_cm":262155,"minecraft:horse_one_cm":632},"minecraft:used":{"revampedpiles:desert_scarecrow":1,"securitycraft:ims":1,"minecraft:oak_log":4,"securitycraft:mine":1,"minecraft:goat_horn":2,"minecraft:grass_block":5,"securitycraft:end_stone_mine":10,"minecraft:brush":2,"revampedpiles:plains_weaponstand":1},"minecraft:dropped":{"minecraft:goat_horn":2,"minecraft:brush":1,"minecraft:powder_snow_bucket":1,"minecraft:grass_block":1,"revampedpiles:plains_lightpost_middle":1,"minecraft:egg":2},"minecraft:picked_up":{"minecraft:rotten_flesh":1,"minecraft:egg":2,"minecraft:dirt":19},"minecraft:mined":{"minecraft:powder_snow":3}},"DataVersion":3465}