{"stats":{"minecraft:picked_up":{"minecraft:rotten_flesh":1,"minecraft:dirt":19},"minecraft:mined":{"minecraft:powder_snow":3},"minecraft:used":{"revampedpiles:desert_scarecrow":1,"securitycraft:ims":1,"minecraft:oak_log":4,"securitycraft:mine":1,"minecraft:goat_horn":2,"securitycraft:end_stone_mine":10,"minecraft:brush":2,"revampedpiles:plains_weaponstand":1},"minecraft:dropped":{"minecraft:goat_horn":2,"minecraft:brush":1,"minecraft:powder_snow_bucket":1,"revampedpiles:plains_lightpost_middle":1},"minecraft:custom":{"minecraft:time_since_rest":24434,"minecraft:crouch_one_cm":383,"minecraft:sprint_one_cm":18008,"minecraft:play_time":24434,"minecraft:damage_taken":50,"minecraft:walk_one_cm":34798,"minecraft:sneak_time":102,"minecraft:drop":5,"minecraft:jump":112,"minecraft:damage_dealt":95,"minecraft:leave_game":1,"minecraft:time_since_death":24434,"minecraft:total_world_time":24434,"minecraft:talked_to_villager":1,"minecraft:fall_one_cm":1592,"minecraft:fly_one_cm":206388,"minecraft:horse_one_cm":632}},"DataVersion":3465}