{"stats":{"minecraft:picked_up":{"minecraft:rotten_flesh":1,"minecraft:egg":2,"minecraft:dirt":19},"minecraft:dropped":{"minecraft:goat_horn":2,"minecraft:brush":1,"minecraft:powder_snow_bucket":1,"minecraft:white_concrete_powder":1,"minecraft:grass_block":1,"revampedpiles:plains_lightpost_middle":1,"minecraft:egg":2},"minecraft:mined":{"minecraft:powder_snow":3},"minecraft:used":{"securitycraft:ims":1,"minecraft:oak_log":4,"securitycraft:mine":1,"minecraft:goat_horn":2,"minecraft:grass_block":5,"securitycraft:end_stone_mine":10,"minecraft:white_concrete_powder":12,"minecraft:brush":2,"revampedpiles:plains_weaponstand":1,"revampedpiles:desert_scarecrow":1,"minecraft:pillager_spawn_egg":1},"minecraft:custom":{"minecraft:time_since_rest":52214,"minecraft:open_chest":1,"minecraft:crouch_one_cm":1487,"minecraft:play_time":52214,"minecraft:sprint_one_cm":46663,"minecraft:damage_taken":50,"minecraft:walk_one_cm":97503,"minecraft:sneak_time":421,"minecraft:walk_under_water_one_cm":1860,"minecraft:drop":9,"minecraft:jump":321,"minecraft:damage_dealt":261,"minecraft:leave_game":5,"minecraft:time_since_death":52214,"minecraft:walk_on_water_one_cm":3839,"minecraft:total_world_time":52214,"minecraft:swim_one_cm":8322,"minecraft:talked_to_villager":2,"minecraft:fall_one_cm":1592,"minecraft:fly_one_cm":316840,"minecraft:horse_one_cm":632}},"DataVersion":3465}