{"stats":{"minecraft:custom":{"minecraft:jump":169,"minecraft:time_since_rest":16294,"minecraft:crouch_one_cm":254,"minecraft:leave_game":1,"minecraft:sprint_one_cm":16079,"minecraft:play_time":16294,"minecraft:damage_taken":323,"minecraft:time_since_death":16294,"minecraft:walk_one_cm":32820,"minecraft:sneak_time":185,"minecraft:total_world_time":16294,"minecraft:talked_to_villager":1,"minecraft:fall_one_cm":868,"minecraft:fly_one_cm":302118},"minecraft:used":{"minecraft:brush":1},"minecraft:picked_up":{"minecraft:brush":1}},"DataVersion":3465}