{"stats":{"minecraft:picked_up":{"minecraft:brush":1},"minecraft:used":{"minecraft:brush":1},"minecraft:custom":{"minecraft:jump":226,"minecraft:time_since_rest":20302,"minecraft:crouch_one_cm":254,"minecraft:leave_game":2,"minecraft:play_time":20302,"minecraft:sprint_one_cm":29833,"minecraft:damage_taken":323,"minecraft:time_since_death":20302,"minecraft:walk_one_cm":48623,"minecraft:sneak_time":219,"minecraft:total_world_time":20302,"minecraft:talked_to_villager":2,"minecraft:fall_one_cm":868,"minecraft:fly_one_cm":505966}},"DataVersion":3465}